-- Generated by scripts/db/generate-seed.py — do not hand-edit row values.
do $$
begin
  if exists (select 1 from api.pt_projects where slug = 'fcu-website-rebuild-2026') then
    raise notice 'project hub already seeded; skipping';
    return;
  end if;
  insert into api.pt_projects (id, slug, title, subtitle) values ('7540d9d7-2c02-430f-acc8-70fad1f11f5e', 'fcu-website-rebuild-2026', 'First Credit Union Website Rebuild', '7 months (Feb – Aug 2026) · Next.js 16 · Supabase · Sanity · Vercel');
  insert into api.pt_facts (project_id, section, label, value, sort_order) values ('7540d9d7-2c02-430f-acc8-70fad1f11f5e', 'overview', 'Project Name', 'First Credit Union Website Rebuild', 0);
  insert into api.pt_facts (project_id, section, label, value, sort_order) values ('7540d9d7-2c02-430f-acc8-70fad1f11f5e', 'overview', 'Project Duration', '7 months (February - August 2026)', 1);
  insert into api.pt_facts (project_id, section, label, value, sort_order) values ('7540d9d7-2c02-430f-acc8-70fad1f11f5e', 'overview', 'Go-Live Date', '12 August 2026', 2);
  insert into api.pt_facts (project_id, section, label, value, sort_order) values ('7540d9d7-2c02-430f-acc8-70fad1f11f5e', 'overview', 'Total Working Weeks', '28 weeks', 3);
  insert into api.pt_facts (project_id, section, label, value, sort_order) values ('7540d9d7-2c02-430f-acc8-70fad1f11f5e', 'deployment', 'Environments', 'Development → Preview → Staging → Production', 0);
  insert into api.pt_facts (project_id, section, label, value, sort_order) values ('7540d9d7-2c02-430f-acc8-70fad1f11f5e', 'deployment', 'CI/CD', 'GitHub Actions triggers Vercel deployments on push', 1);
  insert into api.pt_facts (project_id, section, label, value, sort_order) values ('7540d9d7-2c02-430f-acc8-70fad1f11f5e', 'deployment', 'Preview Deployments', 'Every PR gets unique preview URL for review', 2);
  insert into api.pt_facts (project_id, section, label, value, sort_order) values ('7540d9d7-2c02-430f-acc8-70fad1f11f5e', 'deployment', 'ISR Strategy', 'Static pages with on-demand revalidation via Sanity webhooks', 3);
  insert into api.pt_facts (project_id, section, label, value, sort_order) values ('7540d9d7-2c02-430f-acc8-70fad1f11f5e', 'deployment', 'Edge Functions', 'Middleware for auth, redirects, geolocation', 4);
  insert into api.pt_facts (project_id, section, label, value, sort_order) values ('7540d9d7-2c02-430f-acc8-70fad1f11f5e', 'deployment', 'Analytics', 'Vercel Analytics + Web Vitals monitoring', 5);
  insert into api.pt_facts (project_id, section, label, value, sort_order) values ('7540d9d7-2c02-430f-acc8-70fad1f11f5e', 'deployment', 'Domains', 'Custom domain with automatic SSL via Let''s Encrypt', 6);
  insert into api.pt_facts (project_id, section, label, value, sort_order) values ('7540d9d7-2c02-430f-acc8-70fad1f11f5e', 'deployment', 'Caching', 'Edge caching with smart invalidation', 7);
  insert into api.pt_tech_stack (project_id, technology, version, purpose, sort_order) values ('7540d9d7-2c02-430f-acc8-70fad1f11f5e', 'Next.js', '16', 'React framework with SSR, ISR, API routes', 0);
  insert into api.pt_tech_stack (project_id, technology, version, purpose, sort_order) values ('7540d9d7-2c02-430f-acc8-70fad1f11f5e', 'React', '19.2', 'UI component library with Server Components', 1);
  insert into api.pt_tech_stack (project_id, technology, version, purpose, sort_order) values ('7540d9d7-2c02-430f-acc8-70fad1f11f5e', 'TypeScript', '5.x', 'Type safety and developer experience', 2);
  insert into api.pt_tech_stack (project_id, technology, version, purpose, sort_order) values ('7540d9d7-2c02-430f-acc8-70fad1f11f5e', 'Tailwind CSS', '4.x', 'Utility-first CSS framework', 3);
  insert into api.pt_tech_stack (project_id, technology, version, purpose, sort_order) values ('7540d9d7-2c02-430f-acc8-70fad1f11f5e', 'Supabase', 'Pro', 'PostgreSQL database, Auth, Edge Functions, Storage', 4);
  insert into api.pt_tech_stack (project_id, technology, version, purpose, sort_order) values ('7540d9d7-2c02-430f-acc8-70fad1f11f5e', 'Sanity CMS', 'v3', 'Headless CMS for content management', 5);
  insert into api.pt_tech_stack (project_id, technology, version, purpose, sort_order) values ('7540d9d7-2c02-430f-acc8-70fad1f11f5e', 'Vercel', 'Pro', 'Hosting, Edge Network, Analytics, CI/CD', 6);
  insert into api.pt_tech_stack (project_id, technology, version, purpose, sort_order) values ('7540d9d7-2c02-430f-acc8-70fad1f11f5e', 'Intercom', 'Latest', 'Live chat, chatbots, help center, customer messaging', 7);
  insert into api.pt_tech_stack (project_id, technology, version, purpose, sort_order) values ('7540d9d7-2c02-430f-acc8-70fad1f11f5e', 'GitHub', 'Pro', 'Version control, GitHub Actions CI', 8);
  insert into api.pt_tech_stack (project_id, technology, version, purpose, sort_order) values ('7540d9d7-2c02-430f-acc8-70fad1f11f5e', 'Mailchimp', 'Pro', 'Newsletter sign up', 9);
  insert into api.pt_phases (id, project_id, phase_number, name, start_date, end_date, color_token) values ('19793986-68c9-4137-9a96-84368297002c', '7540d9d7-2c02-430f-acc8-70fad1f11f5e', 1, 'Discovery & Planning', '2026-02-02', '2026-02-20', 'chart-1');
  insert into api.pt_phases (id, project_id, phase_number, name, start_date, end_date, color_token) values ('71b7f092-ee07-472f-92ce-ea59c52fbac8', '7540d9d7-2c02-430f-acc8-70fad1f11f5e', 2, 'Design & Architecture', '2026-03-02', '2026-04-10', 'chart-2');
  insert into api.pt_phases (id, project_id, phase_number, name, start_date, end_date, color_token) values ('1cebc7b1-47e7-45e8-af0a-eae7a693660c', '7540d9d7-2c02-430f-acc8-70fad1f11f5e', 3, 'Development', '2026-04-13', '2026-06-27', 'chart-3');
  insert into api.pt_phases (id, project_id, phase_number, name, start_date, end_date, color_token) values ('cf130c50-843a-4352-a873-f0f9b8b3ac26', '7540d9d7-2c02-430f-acc8-70fad1f11f5e', 4, 'Content & Migration', '2026-05-04', '2026-07-17', 'chart-4');
  insert into api.pt_phases (id, project_id, phase_number, name, start_date, end_date, color_token) values ('b18113cc-c6c0-4b5a-ae93-da6a49b02149', '7540d9d7-2c02-430f-acc8-70fad1f11f5e', 5, 'Testing & QA', '2026-06-29', '2026-08-04', 'chart-5');
  insert into api.pt_phases (id, project_id, phase_number, name, start_date, end_date, color_token) values ('8e9966e5-30be-4b73-82d5-136f60fe2ec1', '7540d9d7-2c02-430f-acc8-70fad1f11f5e', 6, 'Launch & Go-Live', '2026-08-05', '2026-08-31', 'fcu-mint-500');
  insert into api.pt_milestones (project_id, date, name, deliverable, sort_order) values ('7540d9d7-2c02-430f-acc8-70fad1f11f5e', '2026-02-20', 'Technical Architecture Complete', 'Architecture docs, Supabase schema, Sanity models', 0);
  insert into api.pt_milestones (project_id, date, name, deliverable, sort_order) values ('7540d9d7-2c02-430f-acc8-70fad1f11f5e', '2026-04-10', 'Design Approval', 'Approved mockups, design system, Figma prototype', 1);
  insert into api.pt_milestones (project_id, date, name, deliverable, sort_order) values ('7540d9d7-2c02-430f-acc8-70fad1f11f5e', '2026-06-27', 'Development Complete', 'All pages, components, integrations functional', 2);
  insert into api.pt_milestones (project_id, date, name, deliverable, sort_order) values ('7540d9d7-2c02-430f-acc8-70fad1f11f5e', '2026-07-17', 'Content Population Complete', 'All content in Sanity CMS, SEO implemented', 3);
  insert into api.pt_milestones (project_id, date, name, deliverable, sort_order) values ('7540d9d7-2c02-430f-acc8-70fad1f11f5e', '2026-08-04', 'UAT Sign-off', 'Stakeholder approval, all bugs resolved', 4);
  insert into api.pt_milestones (project_id, date, name, deliverable, sort_order) values ('7540d9d7-2c02-430f-acc8-70fad1f11f5e', '2026-08-12', 'GO-LIVE', 'Production deployment on Vercel', 5);
  insert into api.pt_milestones (project_id, date, name, deliverable, sort_order) values ('7540d9d7-2c02-430f-acc8-70fad1f11f5e', '2026-08-31', 'Project Closeout', 'Hypercare complete, documentation handed over', 6);
  insert into api.pt_risks (project_id, risk, impact, mitigation, sort_order) values ('7540d9d7-2c02-430f-acc8-70fad1f11f5e', 'Compressed timeline (7 months)', 'high', 'Parallel workstreams; overlapping phases; MVP-first approach', 0);
  insert into api.pt_risks (project_id, risk, impact, mitigation, sort_order) values ('7540d9d7-2c02-430f-acc8-70fad1f11f5e', 'Banking API integration delays', 'high', 'Early vendor engagement; mock APIs for development', 1);
  insert into api.pt_risks (project_id, risk, impact, mitigation, sort_order) values ('7540d9d7-2c02-430f-acc8-70fad1f11f5e', 'Content not ready on time', 'high', 'Content calendar with hard deadlines; dedicated content resources', 2);
  insert into api.pt_risks (project_id, risk, impact, mitigation, sort_order) values ('7540d9d7-2c02-430f-acc8-70fad1f11f5e', 'Supabase/Sanity learning curve', 'medium', 'Early POCs in Phase 2; documentation; pair programming', 3);
  insert into api.pt_risks (project_id, risk, impact, mitigation, sort_order) values ('7540d9d7-2c02-430f-acc8-70fad1f11f5e', 'Vercel deployment issues', 'low', 'Preview deployments for testing; Vercel support engagement', 4);
  insert into api.pt_risks (project_id, risk, impact, mitigation, sort_order) values ('7540d9d7-2c02-430f-acc8-70fad1f11f5e', 'Scope creep', 'high', 'Strict change control; feature freeze after Phase 3', 5);
  insert into api.pt_deliverables (project_id, description, sort_order) values ('7540d9d7-2c02-430f-acc8-70fad1f11f5e', 'Fully responsive credit union website (mobile-first)', 0);
  insert into api.pt_deliverables (project_id, description, sort_order) values ('7540d9d7-2c02-430f-acc8-70fad1f11f5e', 'Member authentication portal (Supabase Auth)', 1);
  insert into api.pt_deliverables (project_id, description, sort_order) values ('7540d9d7-2c02-430f-acc8-70fad1f11f5e', 'Product/service pages with dynamic rate tables', 2);
  insert into api.pt_deliverables (project_id, description, sort_order) values ('7540d9d7-2c02-430f-acc8-70fad1f11f5e', 'Loan & membership application forms', 3);
  insert into api.pt_deliverables (project_id, description, sort_order) values ('7540d9d7-2c02-430f-acc8-70fad1f11f5e', 'Loan calculators (React components)', 4);
  insert into api.pt_deliverables (project_id, description, sort_order) values ('7540d9d7-2c02-430f-acc8-70fad1f11f5e', 'Branch/ATM locator with Google Maps', 5);
  insert into api.pt_deliverables (project_id, description, sort_order) values ('7540d9d7-2c02-430f-acc8-70fad1f11f5e', 'Blog/News section (Sanity CMS managed)', 6);
  insert into api.pt_deliverables (project_id, description, sort_order) values ('7540d9d7-2c02-430f-acc8-70fad1f11f5e', 'Search functionality', 7);
  insert into api.pt_deliverables (project_id, description, sort_order) values ('7540d9d7-2c02-430f-acc8-70fad1f11f5e', 'WCAG 2.1 AA accessibility compliance', 8);
  insert into api.pt_deliverables (project_id, description, sort_order) values ('7540d9d7-2c02-430f-acc8-70fad1f11f5e', 'Intercom live chat & chatbot integration', 9);
  insert into api.pt_deliverables (project_id, description, sort_order) values ('7540d9d7-2c02-430f-acc8-70fad1f11f5e', 'SEO optimised with schema markup', 10);
  insert into api.pt_deliverables (project_id, description, sort_order) values ('7540d9d7-2c02-430f-acc8-70fad1f11f5e', 'Sanity CMS for content management', 11);
  insert into api.pt_deliverables (project_id, description, sort_order) values ('7540d9d7-2c02-430f-acc8-70fad1f11f5e', 'Admin documentation & training materials', 12);
  insert into api.pt_deliverables (project_id, description, sort_order) values ('7540d9d7-2c02-430f-acc8-70fad1f11f5e', 'Announcement Bar - clickable & rotatable', 13);
  insert into api.pt_deliverables (project_id, description, sort_order) values ('7540d9d7-2c02-430f-acc8-70fad1f11f5e', 'Hero banner - clickable & rotatable', 14);
  insert into api.pt_task_groups (id, project_id, phase_id, name, sort_order) values ('10878459-cd93-4d2c-b461-b84480f8fa1e', '7540d9d7-2c02-430f-acc8-70fad1f11f5e', '19793986-68c9-4137-9a96-84368297002c', 'Research & Analysis', 0);
  insert into api.pt_task_groups (id, project_id, phase_id, name, sort_order) values ('40bc7c34-2ad6-44f7-8ae5-fe310d76eb78', '7540d9d7-2c02-430f-acc8-70fad1f11f5e', '19793986-68c9-4137-9a96-84368297002c', 'Technical Planning', 1);
  insert into api.pt_task_groups (id, project_id, phase_id, name, sort_order) values ('b0f2a1c3-a8fa-49cb-85cc-ad87e917b553', '7540d9d7-2c02-430f-acc8-70fad1f11f5e', '71b7f092-ee07-472f-92ce-ea59c52fbac8', 'Information Architecture', 0);
  insert into api.pt_task_groups (id, project_id, phase_id, name, sort_order) values ('7ea2b62b-4e6a-47e4-b8d4-ba495b359aba', '7540d9d7-2c02-430f-acc8-70fad1f11f5e', '71b7f092-ee07-472f-92ce-ea59c52fbac8', 'UI/UX Design', 1);
  insert into api.pt_task_groups (id, project_id, phase_id, name, sort_order) values ('1cf2bfe2-1f72-4e96-bed2-4ca08ae9b80e', '7540d9d7-2c02-430f-acc8-70fad1f11f5e', '71b7f092-ee07-472f-92ce-ea59c52fbac8', 'Technical Setup', 2);
  insert into api.pt_task_groups (id, project_id, phase_id, name, sort_order) values ('82d4fda8-558a-45ea-89fd-08b678392825', '7540d9d7-2c02-430f-acc8-70fad1f11f5e', 'cf130c50-843a-4352-a873-f0f9b8b3ac26', 'Content Strategy', 0);
  insert into api.pt_task_groups (id, project_id, phase_id, name, sort_order) values ('7752a94b-d23f-42af-bd8d-881904793bcd', '7540d9d7-2c02-430f-acc8-70fad1f11f5e', 'cf130c50-843a-4352-a873-f0f9b8b3ac26', 'SEO Implementation', 1);
  insert into api.pt_task_groups (id, project_id, phase_id, name, sort_order) values ('8e080cab-becf-49e4-8800-601f91bc0717', '7540d9d7-2c02-430f-acc8-70fad1f11f5e', 'cf130c50-843a-4352-a873-f0f9b8b3ac26', 'Content Creation & Population', 2);
  insert into api.pt_task_groups (id, project_id, phase_id, name, sort_order) values ('606a1c58-ca4d-4076-b1a0-ccd6735d0507', '7540d9d7-2c02-430f-acc8-70fad1f11f5e', '1cebc7b1-47e7-45e8-af0a-eae7a693660c', 'Component Library (React 19.2)', 0);
  insert into api.pt_task_groups (id, project_id, phase_id, name, sort_order) values ('5cb35ed5-49d1-4647-ac70-cdc416c7d145', '7540d9d7-2c02-430f-acc8-70fad1f11f5e', '1cebc7b1-47e7-45e8-af0a-eae7a693660c', 'Next.js Page Development', 1);
  insert into api.pt_task_groups (id, project_id, phase_id, name, sort_order) values ('858c0bc2-a4e6-4f9c-ae74-393a281d9401', '7540d9d7-2c02-430f-acc8-70fad1f11f5e', '1cebc7b1-47e7-45e8-af0a-eae7a693660c', 'Supabase Backend Development', 2);
  insert into api.pt_task_groups (id, project_id, phase_id, name, sort_order) values ('5c16eb66-705f-4a10-bf09-3464299fc04c', '7540d9d7-2c02-430f-acc8-70fad1f11f5e', '1cebc7b1-47e7-45e8-af0a-eae7a693660c', 'Sanity CMS Integration', 3);
  insert into api.pt_task_groups (id, project_id, phase_id, name, sort_order) values ('65a30d4c-8eb5-4ef6-89c3-c0a920595ae5', '7540d9d7-2c02-430f-acc8-70fad1f11f5e', '1cebc7b1-47e7-45e8-af0a-eae7a693660c', 'Forms & Integrations', 4);
  insert into api.pt_task_groups (id, project_id, phase_id, name, sort_order) values ('e6e75c43-7839-4708-9603-3cb7b2e97bb7', '7540d9d7-2c02-430f-acc8-70fad1f11f5e', '1cebc7b1-47e7-45e8-af0a-eae7a693660c', 'Intercom Integration', 5);
  insert into api.pt_task_groups (id, project_id, phase_id, name, sort_order) values ('dd359006-2dd0-4861-bff7-c34071d5008e', '7540d9d7-2c02-430f-acc8-70fad1f11f5e', '1cebc7b1-47e7-45e8-af0a-eae7a693660c', 'Vercel Optimization (In parallel with Intercom development)', 6);
  insert into api.pt_task_groups (id, project_id, phase_id, name, sort_order) values ('bec5b9a9-7c56-4a34-a4ab-a781b25a5fb4', '7540d9d7-2c02-430f-acc8-70fad1f11f5e', 'b18113cc-c6c0-4b5a-ae93-da6a49b02149', 'Automated Testing', 0);
  insert into api.pt_task_groups (id, project_id, phase_id, name, sort_order) values ('47d9c12b-4963-40f1-9985-826f7e955827', '7540d9d7-2c02-430f-acc8-70fad1f11f5e', 'b18113cc-c6c0-4b5a-ae93-da6a49b02149', 'Manual Testing', 1);
  insert into api.pt_task_groups (id, project_id, phase_id, name, sort_order) values ('c4f59ca9-ee7f-49e0-b9ff-b3230724698f', '7540d9d7-2c02-430f-acc8-70fad1f11f5e', 'b18113cc-c6c0-4b5a-ae93-da6a49b02149', 'Accessibility & Security', 2);
  insert into api.pt_task_groups (id, project_id, phase_id, name, sort_order) values ('8bb2d8df-da80-4466-8145-4b6f0b909390', '7540d9d7-2c02-430f-acc8-70fad1f11f5e', 'b18113cc-c6c0-4b5a-ae93-da6a49b02149', 'Performance Testing', 3);
  insert into api.pt_task_groups (id, project_id, phase_id, name, sort_order) values ('24157acf-8385-49e1-97da-5c386382dd28', '7540d9d7-2c02-430f-acc8-70fad1f11f5e', 'b18113cc-c6c0-4b5a-ae93-da6a49b02149', 'User Acceptance Testing', 4);
  insert into api.pt_task_groups (id, project_id, phase_id, name, sort_order) values ('cd74cf87-247e-4318-9ccd-6a734e575d6a', '7540d9d7-2c02-430f-acc8-70fad1f11f5e', '8e9966e5-30be-4b73-82d5-136f60fe2ec1', 'Pre-Launch Preparation', 0);
  insert into api.pt_task_groups (id, project_id, phase_id, name, sort_order) values ('ad7111f8-a3d4-411b-a671-c9be09b8b452', '7540d9d7-2c02-430f-acc8-70fad1f11f5e', '8e9966e5-30be-4b73-82d5-136f60fe2ec1', 'Vercel Production Deployment', 1);
  insert into api.pt_task_groups (id, project_id, phase_id, name, sort_order) values ('40422aaa-1142-4181-93ee-fac18c83c9b3', '7540d9d7-2c02-430f-acc8-70fad1f11f5e', '8e9966e5-30be-4b73-82d5-136f60fe2ec1', 'Go-Live & Monitoring', 2);
  insert into api.pt_tasks (project_id, group_id, name, start_date, end_date, duration_label, status, sort_order) values ('7540d9d7-2c02-430f-acc8-70fad1f11f5e', '10878459-cd93-4d2c-b461-b84480f8fa1e', 'Stakeholder interviews & requirements gathering', '2026-02-02', '2026-03-09', '5 weeks', 'complete', 0);
  insert into api.pt_tasks (project_id, group_id, name, start_date, end_date, duration_label, status, sort_order) values ('7540d9d7-2c02-430f-acc8-70fad1f11f5e', '10878459-cd93-4d2c-b461-b84480f8fa1e', 'Current site audit (pages, content, functionality)', '2026-02-15', '2026-03-15', null, 'complete', 1);
  insert into api.pt_tasks (project_id, group_id, name, start_date, end_date, duration_label, status, sort_order) values ('7540d9d7-2c02-430f-acc8-70fad1f11f5e', '10878459-cd93-4d2c-b461-b84480f8fa1e', 'Google Analytics traffic analysis', '2026-02-15', '2026-02-26', '2 weeks', 'complete', 2);
  insert into api.pt_tasks (project_id, group_id, name, start_date, end_date, duration_label, status, sort_order) values ('7540d9d7-2c02-430f-acc8-70fad1f11f5e', '10878459-cd93-4d2c-b461-b84480f8fa1e', 'Competitive analysis (3-5 industry sites)', '2026-02-15', '2026-03-15', null, 'complete', 3);
  insert into api.pt_tasks (project_id, group_id, name, start_date, end_date, duration_label, status, sort_order) values ('7540d9d7-2c02-430f-acc8-70fad1f11f5e', '10878459-cd93-4d2c-b461-b84480f8fa1e', 'User research & persona development', '2026-02-15', '2026-03-15', null, 'complete', 4);
  insert into api.pt_tasks (project_id, group_id, name, start_date, end_date, duration_label, status, sort_order) values ('7540d9d7-2c02-430f-acc8-70fad1f11f5e', '40bc7c34-2ad6-44f7-8ae5-fe310d76eb78', 'Next.js 16 architecture planning', '2026-02-09', '2026-02-13', null, 'complete', 0);
  insert into api.pt_tasks (project_id, group_id, name, start_date, end_date, duration_label, status, sort_order) values ('7540d9d7-2c02-430f-acc8-70fad1f11f5e', '40bc7c34-2ad6-44f7-8ae5-fe310d76eb78', 'React 19.2 component strategy', '2026-02-09', '2026-02-13', null, 'in_progress', 1);
  insert into api.pt_tasks (project_id, group_id, name, start_date, end_date, duration_label, status, sort_order) values ('7540d9d7-2c02-430f-acc8-70fad1f11f5e', '40bc7c34-2ad6-44f7-8ae5-fe310d76eb78', 'TypeScript configuration & standards', '2026-02-16', '2026-02-18', null, 'complete', 2);
  insert into api.pt_tasks (project_id, group_id, name, start_date, end_date, duration_label, status, sort_order) values ('7540d9d7-2c02-430f-acc8-70fad1f11f5e', '40bc7c34-2ad6-44f7-8ae5-fe310d76eb78', 'Supabase schema design (auth, database)', '2026-02-16', '2026-02-20', null, 'in_progress', 3);
  insert into api.pt_tasks (project_id, group_id, name, start_date, end_date, duration_label, status, sort_order) values ('7540d9d7-2c02-430f-acc8-70fad1f11f5e', '40bc7c34-2ad6-44f7-8ae5-fe310d76eb78', 'Sanity CMS content model planning', '2026-02-16', '2026-02-20', null, 'in_progress', 4);
  insert into api.pt_tasks (project_id, group_id, name, start_date, end_date, duration_label, status, sort_order) values ('7540d9d7-2c02-430f-acc8-70fad1f11f5e', '40bc7c34-2ad6-44f7-8ae5-fe310d76eb78', 'Vercel deployment strategy & environments', '2026-02-16', '2026-02-18', null, 'complete', 5);
  insert into api.pt_tasks (project_id, group_id, name, start_date, end_date, duration_label, status, sort_order) values ('7540d9d7-2c02-430f-acc8-70fad1f11f5e', '40bc7c34-2ad6-44f7-8ae5-fe310d76eb78', 'Security & compliance requirements (PCI-DSS)', '2026-02-16', '2026-02-20', null, 'in_progress', 6);
  insert into api.pt_tasks (project_id, group_id, name, start_date, end_date, duration_label, status, sort_order) values ('7540d9d7-2c02-430f-acc8-70fad1f11f5e', '40bc7c34-2ad6-44f7-8ae5-fe310d76eb78', 'API integration requirements (banking systems)', '2026-02-16', '2026-02-20', null, 'in_progress', 7);
  insert into api.pt_tasks (project_id, group_id, name, start_date, end_date, duration_label, status, sort_order) values ('7540d9d7-2c02-430f-acc8-70fad1f11f5e', 'b0f2a1c3-a8fa-49cb-85cc-ad87e917b553', 'Sitemap creation & page hierarchy', '2026-03-02', '2026-03-06', null, 'complete', 0);
  insert into api.pt_tasks (project_id, group_id, name, start_date, end_date, duration_label, status, sort_order) values ('7540d9d7-2c02-430f-acc8-70fad1f11f5e', 'b0f2a1c3-a8fa-49cb-85cc-ad87e917b553', 'User journey mapping (prospect vs existing)', '2026-03-02', '2026-03-06', null, 'complete', 1);
  insert into api.pt_tasks (project_id, group_id, name, start_date, end_date, duration_label, status, sort_order) values ('7540d9d7-2c02-430f-acc8-70fad1f11f5e', 'b0f2a1c3-a8fa-49cb-85cc-ad87e917b553', 'Navigation structure & mega menu design', '2026-03-02', '2026-03-06', '3 days', 'complete', 2);
  insert into api.pt_tasks (project_id, group_id, name, start_date, end_date, duration_label, status, sort_order) values ('7540d9d7-2c02-430f-acc8-70fad1f11f5e', 'b0f2a1c3-a8fa-49cb-85cc-ad87e917b553', 'URL structure & routing strategy (Next.js)', '2026-03-09', '2026-03-11', null, 'complete', 3);
  insert into api.pt_tasks (project_id, group_id, name, start_date, end_date, duration_label, status, sort_order) values ('7540d9d7-2c02-430f-acc8-70fad1f11f5e', '7ea2b62b-4e6a-47e4-b8d4-ba495b359aba', 'Wireframes - Homepage & key landing pages', '2026-03-15', '2026-03-29', null, 'in_progress', 0);
  insert into api.pt_tasks (project_id, group_id, name, start_date, end_date, duration_label, status, sort_order) values ('7540d9d7-2c02-430f-acc8-70fad1f11f5e', '7ea2b62b-4e6a-47e4-b8d4-ba495b359aba', 'Wireframes - Product pages & forms', '2026-03-15', '2026-03-29', null, 'in_progress', 1);
  insert into api.pt_tasks (project_id, group_id, name, start_date, end_date, duration_label, status, sort_order) values ('7540d9d7-2c02-430f-acc8-70fad1f11f5e', '7ea2b62b-4e6a-47e4-b8d4-ba495b359aba', 'Design system & brand guidelines', '2026-03-16', '2026-03-20', null, 'in_progress', 2);
  insert into api.pt_tasks (project_id, group_id, name, start_date, end_date, duration_label, status, sort_order) values ('7540d9d7-2c02-430f-acc8-70fad1f11f5e', '7ea2b62b-4e6a-47e4-b8d4-ba495b359aba', 'Typography, color palette, spacing tokens', '2026-03-16', '2026-03-20', null, 'in_progress', 3);
  insert into api.pt_tasks (project_id, group_id, name, start_date, end_date, duration_label, status, sort_order) values ('7540d9d7-2c02-430f-acc8-70fad1f11f5e', '7ea2b62b-4e6a-47e4-b8d4-ba495b359aba', 'High-fidelity mockups - Desktop', '2026-04-07', '2026-04-19', '2 weeks', 'na', 4);
  insert into api.pt_tasks (project_id, group_id, name, start_date, end_date, duration_label, status, sort_order) values ('7540d9d7-2c02-430f-acc8-70fad1f11f5e', '7ea2b62b-4e6a-47e4-b8d4-ba495b359aba', 'High-fidelity mockups - Mobile/Tablet', '2026-04-07', '2026-04-19', '2 weeks', 'na', 5);
  insert into api.pt_tasks (project_id, group_id, name, start_date, end_date, duration_label, status, sort_order) values ('7540d9d7-2c02-430f-acc8-70fad1f11f5e', '7ea2b62b-4e6a-47e4-b8d4-ba495b359aba', 'Design review & stakeholder approval', '2026-04-06', '2026-04-19', '1 week', 'not_started', 6);
  insert into api.pt_tasks (project_id, group_id, name, start_date, end_date, duration_label, status, sort_order) values ('7540d9d7-2c02-430f-acc8-70fad1f11f5e', '1cf2bfe2-1f72-4e96-bed2-4ca08ae9b80e', 'Next.js 16 project initialization', '2026-03-02', '2026-03-03', null, 'complete', 0);
  insert into api.pt_tasks (project_id, group_id, name, start_date, end_date, duration_label, status, sort_order) values ('7540d9d7-2c02-430f-acc8-70fad1f11f5e', '1cf2bfe2-1f72-4e96-bed2-4ca08ae9b80e', 'TypeScript strict mode configuration', '2026-03-04', '2026-03-04', null, 'complete', 1);
  insert into api.pt_tasks (project_id, group_id, name, start_date, end_date, duration_label, status, sort_order) values ('7540d9d7-2c02-430f-acc8-70fad1f11f5e', '1cf2bfe2-1f72-4e96-bed2-4ca08ae9b80e', 'ESLint & Prettier setup', '2026-03-04', '2026-03-04', null, 'complete', 2);
  insert into api.pt_tasks (project_id, group_id, name, start_date, end_date, duration_label, status, sort_order) values ('7540d9d7-2c02-430f-acc8-70fad1f11f5e', '1cf2bfe2-1f72-4e96-bed2-4ca08ae9b80e', 'Tailwind CSS configuration & custom theme', '2026-03-05', '2026-03-06', null, 'complete', 3);
  insert into api.pt_tasks (project_id, group_id, name, start_date, end_date, duration_label, status, sort_order) values ('7540d9d7-2c02-430f-acc8-70fad1f11f5e', '1cf2bfe2-1f72-4e96-bed2-4ca08ae9b80e', 'Supabase project setup & configuration', '2026-03-02', '2026-03-03', null, 'na', 4);
  insert into api.pt_tasks (project_id, group_id, name, start_date, end_date, duration_label, status, sort_order) values ('7540d9d7-2c02-430f-acc8-70fad1f11f5e', '1cf2bfe2-1f72-4e96-bed2-4ca08ae9b80e', 'Supabase Auth configuration (email, OAuth)', '2026-03-04', '2026-03-05', null, 'na', 5);
  insert into api.pt_tasks (project_id, group_id, name, start_date, end_date, duration_label, status, sort_order) values ('7540d9d7-2c02-430f-acc8-70fad1f11f5e', '1cf2bfe2-1f72-4e96-bed2-4ca08ae9b80e', 'Sanity Studio setup & configuration', '2026-03-02', '2026-03-03', null, 'complete', 6);
  insert into api.pt_tasks (project_id, group_id, name, start_date, end_date, duration_label, status, sort_order) values ('7540d9d7-2c02-430f-acc8-70fad1f11f5e', '1cf2bfe2-1f72-4e96-bed2-4ca08ae9b80e', 'Sanity schema definitions (documents, objects)', '2026-03-04', '2026-03-10', null, 'complete', 7);
  insert into api.pt_tasks (project_id, group_id, name, start_date, end_date, duration_label, status, sort_order) values ('7540d9d7-2c02-430f-acc8-70fad1f11f5e', '1cf2bfe2-1f72-4e96-bed2-4ca08ae9b80e', 'Vercel project setup (dev, staging, prod)', '2026-03-02', '2026-03-02', null, 'complete', 8);
  insert into api.pt_tasks (project_id, group_id, name, start_date, end_date, duration_label, status, sort_order) values ('7540d9d7-2c02-430f-acc8-70fad1f11f5e', '1cf2bfe2-1f72-4e96-bed2-4ca08ae9b80e', 'Vercel environment variables configuration', '2026-03-03', '2026-03-03', null, 'complete', 9);
  insert into api.pt_tasks (project_id, group_id, name, start_date, end_date, duration_label, status, sort_order) values ('7540d9d7-2c02-430f-acc8-70fad1f11f5e', '1cf2bfe2-1f72-4e96-bed2-4ca08ae9b80e', 'GitHub repo setup & branch protection', '2026-03-02', '2026-03-02', null, 'complete', 10);
  insert into api.pt_tasks (project_id, group_id, name, start_date, end_date, duration_label, status, sort_order) values ('7540d9d7-2c02-430f-acc8-70fad1f11f5e', '1cf2bfe2-1f72-4e96-bed2-4ca08ae9b80e', 'CI/CD pipeline (GitHub Actions + Vercel)', '2026-03-04', '2026-03-05', null, 'complete', 11);
  insert into api.pt_tasks (project_id, group_id, name, start_date, end_date, duration_label, status, sort_order) values ('7540d9d7-2c02-430f-acc8-70fad1f11f5e', '82d4fda8-558a-45ea-89fd-08b678392825', 'Content audit & inventory', '2026-03-04', '2026-03-31', '3 week', 'complete', 0);
  insert into api.pt_tasks (project_id, group_id, name, start_date, end_date, duration_label, status, sort_order) values ('7540d9d7-2c02-430f-acc8-70fad1f11f5e', '82d4fda8-558a-45ea-89fd-08b678392825', 'Content gap analysis', '2026-03-04', '2026-05-13', '3 days', 'complete', 1);
  insert into api.pt_tasks (project_id, group_id, name, start_date, end_date, duration_label, status, sort_order) values ('7540d9d7-2c02-430f-acc8-70fad1f11f5e', '82d4fda8-558a-45ea-89fd-08b678392825', 'Editorial calendar creation', '2026-03-14', '2026-03-25', '2 weeks', 'complete', 2);
  insert into api.pt_tasks (project_id, group_id, name, start_date, end_date, duration_label, status, sort_order) values ('7540d9d7-2c02-430f-acc8-70fad1f11f5e', '82d4fda8-558a-45ea-89fd-08b678392825', 'Tone of voice & style guide', '2026-03-04', '2026-03-31', '3 week', 'complete', 3);
  insert into api.pt_tasks (project_id, group_id, name, start_date, end_date, duration_label, status, sort_order) values ('7540d9d7-2c02-430f-acc8-70fad1f11f5e', '7752a94b-d23f-42af-bd8d-881904793bcd', 'Keyword research & mapping', '2026-05-18', '2026-05-22', null, 'in_progress', 0);
  insert into api.pt_tasks (project_id, group_id, name, start_date, end_date, duration_label, status, sort_order) values ('7540d9d7-2c02-430f-acc8-70fad1f11f5e', '7752a94b-d23f-42af-bd8d-881904793bcd', 'Meta titles & descriptions', '2026-05-25', '2026-05-29', null, 'in_progress', 1);
  insert into api.pt_tasks (project_id, group_id, name, start_date, end_date, duration_label, status, sort_order) values ('7540d9d7-2c02-430f-acc8-70fad1f11f5e', '7752a94b-d23f-42af-bd8d-881904793bcd', 'Schema markup (JSON-LD)', '2026-06-01', '2026-06-03', null, 'in_progress', 2);
  insert into api.pt_tasks (project_id, group_id, name, start_date, end_date, duration_label, status, sort_order) values ('7540d9d7-2c02-430f-acc8-70fad1f11f5e', '7752a94b-d23f-42af-bd8d-881904793bcd', 'XML sitemap generation (Next.js)', '2026-06-04', '2026-06-04', null, 'in_progress', 3);
  insert into api.pt_tasks (project_id, group_id, name, start_date, end_date, duration_label, status, sort_order) values ('7540d9d7-2c02-430f-acc8-70fad1f11f5e', '7752a94b-d23f-42af-bd8d-881904793bcd', 'Robots.txt configuration', '2026-06-04', '2026-06-04', null, 'in_progress', 4);
  insert into api.pt_tasks (project_id, group_id, name, start_date, end_date, duration_label, status, sort_order) values ('7540d9d7-2c02-430f-acc8-70fad1f11f5e', '7752a94b-d23f-42af-bd8d-881904793bcd', 'URL redirect mapping (301 redirects)', '2026-06-08', '2026-06-12', null, 'in_progress', 5);
  insert into api.pt_tasks (project_id, group_id, name, start_date, end_date, duration_label, status, sort_order) values ('7540d9d7-2c02-430f-acc8-70fad1f11f5e', '8e080cab-becf-49e4-8800-601f91bc0717', 'Homepage & landing page copy', '2026-04-07', '2026-04-10', '1 week', 'in_progress', 0);
  insert into api.pt_tasks (project_id, group_id, name, start_date, end_date, duration_label, status, sort_order) values ('7540d9d7-2c02-430f-acc8-70fad1f11f5e', '8e080cab-becf-49e4-8800-601f91bc0717', 'Product & service descriptions', '2026-04-07', '2026-04-30', '3 weeks', 'in_progress', 1);
  insert into api.pt_tasks (project_id, group_id, name, start_date, end_date, duration_label, status, sort_order) values ('7540d9d7-2c02-430f-acc8-70fad1f11f5e', '8e080cab-becf-49e4-8800-601f91bc0717', 'Blog posts & articles (initial batch)', '2026-04-07', '2026-05-01', '3 weeks', 'in_progress', 2);
  insert into api.pt_tasks (project_id, group_id, name, start_date, end_date, duration_label, status, sort_order) values ('7540d9d7-2c02-430f-acc8-70fad1f11f5e', '8e080cab-becf-49e4-8800-601f91bc0717', 'FAQ content', '2026-04-07', '2026-04-13', null, 'in_progress', 3);
  insert into api.pt_tasks (project_id, group_id, name, start_date, end_date, duration_label, status, sort_order) values ('7540d9d7-2c02-430f-acc8-70fad1f11f5e', '8e080cab-becf-49e4-8800-601f91bc0717', 'Image & asset migration', '2026-04-07', '2026-05-01', '3 weeks', 'in_progress', 4);
  insert into api.pt_tasks (project_id, group_id, name, start_date, end_date, duration_label, status, sort_order) values ('7540d9d7-2c02-430f-acc8-70fad1f11f5e', '8e080cab-becf-49e4-8800-601f91bc0717', 'Sanity CMS content entry', '2026-04-07', '2026-04-23', '3 weeks', 'not_started', 5);
  insert into api.pt_tasks (project_id, group_id, name, start_date, end_date, duration_label, status, sort_order) values ('7540d9d7-2c02-430f-acc8-70fad1f11f5e', '8e080cab-becf-49e4-8800-601f91bc0717', 'Content review & approval', '2026-04-27', '2026-05-01', null, 'not_started', 6);
  insert into api.pt_tasks (project_id, group_id, name, start_date, end_date, duration_label, status, sort_order) values ('7540d9d7-2c02-430f-acc8-70fad1f11f5e', '606a1c58-ca4d-4076-b1a0-ccd6735d0507', 'Base UI components (Button, Input, Card)', '2026-04-13', '2026-04-17', null, 'not_started', 0);
  insert into api.pt_tasks (project_id, group_id, name, start_date, end_date, duration_label, status, sort_order) values ('7540d9d7-2c02-430f-acc8-70fad1f11f5e', '606a1c58-ca4d-4076-b1a0-ccd6735d0507', 'Form components (TextField, Select, Checkbox)', '2026-04-13', '2026-04-17', null, 'not_started', 1);
  insert into api.pt_tasks (project_id, group_id, name, start_date, end_date, duration_label, status, sort_order) values ('7540d9d7-2c02-430f-acc8-70fad1f11f5e', '606a1c58-ca4d-4076-b1a0-ccd6735d0507', 'Layout components (Container, Grid, Stack)', '2026-04-20', '2026-04-22', null, 'not_started', 2);
  insert into api.pt_tasks (project_id, group_id, name, start_date, end_date, duration_label, status, sort_order) values ('7540d9d7-2c02-430f-acc8-70fad1f11f5e', '606a1c58-ca4d-4076-b1a0-ccd6735d0507', 'Navigation components (Header, Footer, Menu)', '2026-04-20', '2026-04-24', null, 'not_started', 3);
  insert into api.pt_tasks (project_id, group_id, name, start_date, end_date, duration_label, status, sort_order) values ('7540d9d7-2c02-430f-acc8-70fad1f11f5e', '606a1c58-ca4d-4076-b1a0-ccd6735d0507', 'Content blocks (Hero, CTA, Feature sections)', '2026-04-27', '2026-05-01', null, 'not_started', 4);
  insert into api.pt_tasks (project_id, group_id, name, start_date, end_date, duration_label, status, sort_order) values ('7540d9d7-2c02-430f-acc8-70fad1f11f5e', '606a1c58-ca4d-4076-b1a0-ccd6735d0507', 'Interactive components (Modal, Accordion, Tabs)', '2026-04-27', '2026-05-01', null, 'not_started', 5);
  insert into api.pt_tasks (project_id, group_id, name, start_date, end_date, duration_label, status, sort_order) values ('7540d9d7-2c02-430f-acc8-70fad1f11f5e', '606a1c58-ca4d-4076-b1a0-ccd6735d0507', 'Storybook documentation setup', '2026-05-04', '2026-05-05', null, 'not_started', 6);
  insert into api.pt_tasks (project_id, group_id, name, start_date, end_date, duration_label, status, sort_order) values ('7540d9d7-2c02-430f-acc8-70fad1f11f5e', '5cb35ed5-49d1-4647-ac70-cdc416c7d145', 'Homepage (hero, features, testimonials)', '2026-05-04', '2026-05-08', null, 'not_started', 0);
  insert into api.pt_tasks (project_id, group_id, name, start_date, end_date, duration_label, status, sort_order) values ('7540d9d7-2c02-430f-acc8-70fad1f11f5e', '5cb35ed5-49d1-4647-ac70-cdc416c7d145', 'About Us & Contact pages', '2026-05-11', '2026-05-13', null, 'not_started', 1);
  insert into api.pt_tasks (project_id, group_id, name, start_date, end_date, duration_label, status, sort_order) values ('7540d9d7-2c02-430f-acc8-70fad1f11f5e', '5cb35ed5-49d1-4647-ac70-cdc416c7d145', 'Product pages (Loans, Savings, Credit Cards)', '2026-05-11', '2026-05-22', null, 'not_started', 2);
  insert into api.pt_tasks (project_id, group_id, name, start_date, end_date, duration_label, status, sort_order) values ('7540d9d7-2c02-430f-acc8-70fad1f11f5e', '5cb35ed5-49d1-4647-ac70-cdc416c7d145', 'Branch/ATM locator with map integration', '2026-05-18', '2026-05-22', null, 'not_started', 3);
  insert into api.pt_tasks (project_id, group_id, name, start_date, end_date, duration_label, status, sort_order) values ('7540d9d7-2c02-430f-acc8-70fad1f11f5e', '5cb35ed5-49d1-4647-ac70-cdc416c7d145', 'Blog/News listing & detail pages', '2026-05-25', '2026-05-29', null, 'not_started', 4);
  insert into api.pt_tasks (project_id, group_id, name, start_date, end_date, duration_label, status, sort_order) values ('7540d9d7-2c02-430f-acc8-70fad1f11f5e', '5cb35ed5-49d1-4647-ac70-cdc416c7d145', 'Search results page', '2026-05-25', '2026-05-27', null, 'not_started', 5);
  insert into api.pt_tasks (project_id, group_id, name, start_date, end_date, duration_label, status, sort_order) values ('7540d9d7-2c02-430f-acc8-70fad1f11f5e', '5cb35ed5-49d1-4647-ac70-cdc416c7d145', '404 & error pages', '2026-05-28', '2026-05-28', null, 'not_started', 6);
  insert into api.pt_tasks (project_id, group_id, name, start_date, end_date, duration_label, status, sort_order) values ('7540d9d7-2c02-430f-acc8-70fad1f11f5e', '5cb35ed5-49d1-4647-ac70-cdc416c7d145', 'Legal pages (Privacy, Terms, Disclosures)', '2026-05-29', '2026-06-01', null, 'not_started', 7);
  insert into api.pt_tasks (project_id, group_id, name, start_date, end_date, duration_label, status, sort_order) values ('7540d9d7-2c02-430f-acc8-70fad1f11f5e', '858c0bc2-a4e6-4f9c-ae74-393a281d9401', 'Database schema implementation (PostgreSQL)', '2026-05-04', '2026-05-08', null, 'not_started', 0);
  insert into api.pt_tasks (project_id, group_id, name, start_date, end_date, duration_label, status, sort_order) values ('7540d9d7-2c02-430f-acc8-70fad1f11f5e', '858c0bc2-a4e6-4f9c-ae74-393a281d9401', 'Row Level Security (RLS) policies', '2026-05-11', '2026-05-13', null, 'not_started', 1);
  insert into api.pt_tasks (project_id, group_id, name, start_date, end_date, duration_label, status, sort_order) values ('7540d9d7-2c02-430f-acc8-70fad1f11f5e', '858c0bc2-a4e6-4f9c-ae74-393a281d9401', 'Authentication flows (signup, login, reset)', '2026-05-11', '2026-05-15', null, 'not_started', 2);
  insert into api.pt_tasks (project_id, group_id, name, start_date, end_date, duration_label, status, sort_order) values ('7540d9d7-2c02-430f-acc8-70fad1f11f5e', '858c0bc2-a4e6-4f9c-ae74-393a281d9401', 'Member profile management APIs', '2026-05-18', '2026-05-22', null, 'not_started', 3);
  insert into api.pt_tasks (project_id, group_id, name, start_date, end_date, duration_label, status, sort_order) values ('7540d9d7-2c02-430f-acc8-70fad1f11f5e', '858c0bc2-a4e6-4f9c-ae74-393a281d9401', 'Application submission APIs', '2026-05-25', '2026-05-29', null, 'not_started', 4);
  insert into api.pt_tasks (project_id, group_id, name, start_date, end_date, duration_label, status, sort_order) values ('7540d9d7-2c02-430f-acc8-70fad1f11f5e', '858c0bc2-a4e6-4f9c-ae74-393a281d9401', 'Supabase Edge Functions (serverless)', '2026-06-01', '2026-06-05', null, 'not_started', 5);
  insert into api.pt_tasks (project_id, group_id, name, start_date, end_date, duration_label, status, sort_order) values ('7540d9d7-2c02-430f-acc8-70fad1f11f5e', '858c0bc2-a4e6-4f9c-ae74-393a281d9401', 'Real-time subscriptions setup', '2026-06-08', '2026-06-10', null, 'not_started', 6);
  insert into api.pt_tasks (project_id, group_id, name, start_date, end_date, duration_label, status, sort_order) values ('7540d9d7-2c02-430f-acc8-70fad1f11f5e', '5c16eb66-705f-4a10-bf09-3464299fc04c', 'GROQ queries for page content', '2026-05-04', '2026-05-08', null, 'not_started', 0);
  insert into api.pt_tasks (project_id, group_id, name, start_date, end_date, duration_label, status, sort_order) values ('7540d9d7-2c02-430f-acc8-70fad1f11f5e', '5c16eb66-705f-4a10-bf09-3464299fc04c', 'Preview mode implementation', '2026-05-11', '2026-05-13', null, 'not_started', 1);
  insert into api.pt_tasks (project_id, group_id, name, start_date, end_date, duration_label, status, sort_order) values ('7540d9d7-2c02-430f-acc8-70fad1f11f5e', '5c16eb66-705f-4a10-bf09-3464299fc04c', 'Image optimization with Sanity CDN', '2026-05-14', '2026-05-15', null, 'not_started', 2);
  insert into api.pt_tasks (project_id, group_id, name, start_date, end_date, duration_label, status, sort_order) values ('7540d9d7-2c02-430f-acc8-70fad1f11f5e', '5c16eb66-705f-4a10-bf09-3464299fc04c', 'Portable text rendering (rich content)', '2026-05-18', '2026-05-20', null, 'not_started', 3);
  insert into api.pt_tasks (project_id, group_id, name, start_date, end_date, duration_label, status, sort_order) values ('7540d9d7-2c02-430f-acc8-70fad1f11f5e', '5c16eb66-705f-4a10-bf09-3464299fc04c', 'Content webhooks for ISR (Vercel)', '2026-05-21', '2026-05-22', null, 'not_started', 4);
  insert into api.pt_tasks (project_id, group_id, name, start_date, end_date, duration_label, status, sort_order) values ('7540d9d7-2c02-430f-acc8-70fad1f11f5e', '65a30d4c-8eb5-4ef6-89c3-c0a920595ae5', 'Contact form with validation (React Hook Form)', '2026-06-01', '2026-06-03', null, 'not_started', 0);
  insert into api.pt_tasks (project_id, group_id, name, start_date, end_date, duration_label, status, sort_order) values ('7540d9d7-2c02-430f-acc8-70fad1f11f5e', '65a30d4c-8eb5-4ef6-89c3-c0a920595ae5', 'Loan application multi-step form', '2026-06-01', '2026-06-05', null, 'not_started', 1);
  insert into api.pt_tasks (project_id, group_id, name, start_date, end_date, duration_label, status, sort_order) values ('7540d9d7-2c02-430f-acc8-70fad1f11f5e', '65a30d4c-8eb5-4ef6-89c3-c0a920595ae5', 'Membership application form', '2026-06-08', '2026-06-12', null, 'not_started', 2);
  insert into api.pt_tasks (project_id, group_id, name, start_date, end_date, duration_label, status, sort_order) values ('7540d9d7-2c02-430f-acc8-70fad1f11f5e', '65a30d4c-8eb5-4ef6-89c3-c0a920595ae5', 'Loan calculator component', '2026-06-08', '2026-06-10', null, 'not_started', 3);
  insert into api.pt_tasks (project_id, group_id, name, start_date, end_date, duration_label, status, sort_order) values ('7540d9d7-2c02-430f-acc8-70fad1f11f5e', '65a30d4c-8eb5-4ef6-89c3-c0a920595ae5', 'Rate tables with dynamic data', '2026-06-11', '2026-06-12', null, 'not_started', 4);
  insert into api.pt_tasks (project_id, group_id, name, start_date, end_date, duration_label, status, sort_order) values ('7540d9d7-2c02-430f-acc8-70fad1f11f5e', '65a30d4c-8eb5-4ef6-89c3-c0a920595ae5', 'Email notifications (Supabase + SendGrid)', '2026-06-15', '2026-06-17', null, 'not_started', 5);
  insert into api.pt_tasks (project_id, group_id, name, start_date, end_date, duration_label, status, sort_order) values ('7540d9d7-2c02-430f-acc8-70fad1f11f5e', '65a30d4c-8eb5-4ef6-89c3-c0a920595ae5', 'Third-party banking API integration', '2026-06-15', '2026-06-19', null, 'not_started', 6);
  insert into api.pt_tasks (project_id, group_id, name, start_date, end_date, duration_label, status, sort_order) values ('7540d9d7-2c02-430f-acc8-70fad1f11f5e', '65a30d4c-8eb5-4ef6-89c3-c0a920595ae5', 'Google Maps API integration', '2026-06-18', '2026-06-19', null, 'not_started', 7);
  insert into api.pt_tasks (project_id, group_id, name, start_date, end_date, duration_label, status, sort_order) values ('7540d9d7-2c02-430f-acc8-70fad1f11f5e', 'e6e75c43-7839-4708-9603-3cb7b2e97bb7', 'Intercom workspace setup & configuration', '2026-06-22', '2026-06-22', null, 'not_started', 0);
  insert into api.pt_tasks (project_id, group_id, name, start_date, end_date, duration_label, status, sort_order) values ('7540d9d7-2c02-430f-acc8-70fad1f11f5e', 'e6e75c43-7839-4708-9603-3cb7b2e97bb7', 'Intercom Messenger SDK integration (React)', '2026-06-22', '2026-06-23', null, 'not_started', 1);
  insert into api.pt_tasks (project_id, group_id, name, start_date, end_date, duration_label, status, sort_order) values ('7540d9d7-2c02-430f-acc8-70fad1f11f5e', 'e6e75c43-7839-4708-9603-3cb7b2e97bb7', 'Custom launcher & chat widget styling', '2026-06-24', '2026-06-24', null, 'not_started', 2);
  insert into api.pt_tasks (project_id, group_id, name, start_date, end_date, duration_label, status, sort_order) values ('7540d9d7-2c02-430f-acc8-70fad1f11f5e', 'e6e75c43-7839-4708-9603-3cb7b2e97bb7', 'User identity verification (Supabase Auth)', '2026-06-24', '2026-06-25', null, 'not_started', 3);
  insert into api.pt_tasks (project_id, group_id, name, start_date, end_date, duration_label, status, sort_order) values ('7540d9d7-2c02-430f-acc8-70fad1f11f5e', 'e6e75c43-7839-4708-9603-3cb7b2e97bb7', 'Custom bot flows for common queries', '2026-06-25', '2026-06-26', null, 'not_started', 4);
  insert into api.pt_tasks (project_id, group_id, name, start_date, end_date, duration_label, status, sort_order) values ('7540d9d7-2c02-430f-acc8-70fad1f11f5e', 'e6e75c43-7839-4708-9603-3cb7b2e97bb7', 'Help center articles integration', '2026-06-26', '2026-06-26', null, 'not_started', 5);
  insert into api.pt_tasks (project_id, group_id, name, start_date, end_date, duration_label, status, sort_order) values ('7540d9d7-2c02-430f-acc8-70fad1f11f5e', 'e6e75c43-7839-4708-9603-3cb7b2e97bb7', 'Event tracking (page views, form submissions)', '2026-06-26', '2026-06-26', null, 'not_started', 6);
  insert into api.pt_tasks (project_id, group_id, name, start_date, end_date, duration_label, status, sort_order) values ('7540d9d7-2c02-430f-acc8-70fad1f11f5e', 'dd359006-2dd0-4861-bff7-c34071d5008e', 'ISR (Incremental Static Regeneration) setup', '2026-06-22', '2026-06-23', null, 'not_started', 0);
  insert into api.pt_tasks (project_id, group_id, name, start_date, end_date, duration_label, status, sort_order) values ('7540d9d7-2c02-430f-acc8-70fad1f11f5e', 'dd359006-2dd0-4861-bff7-c34071d5008e', 'Edge middleware configuration', '2026-06-22', '2026-06-23', null, 'not_started', 1);
  insert into api.pt_tasks (project_id, group_id, name, start_date, end_date, duration_label, status, sort_order) values ('7540d9d7-2c02-430f-acc8-70fad1f11f5e', 'dd359006-2dd0-4861-bff7-c34071d5008e', 'Vercel Analytics integration', '2026-06-24', '2026-06-24', null, 'not_started', 2);
  insert into api.pt_tasks (project_id, group_id, name, start_date, end_date, duration_label, status, sort_order) values ('7540d9d7-2c02-430f-acc8-70fad1f11f5e', 'dd359006-2dd0-4861-bff7-c34071d5008e', 'Image optimization (next/image)', '2026-06-24', '2026-06-25', null, 'not_started', 3);
  insert into api.pt_tasks (project_id, group_id, name, start_date, end_date, duration_label, status, sort_order) values ('7540d9d7-2c02-430f-acc8-70fad1f11f5e', 'dd359006-2dd0-4861-bff7-c34071d5008e', 'Web Vitals optimization (LCP, FID, CLS)', '2026-06-25', '2026-06-27', '3 days', 'not_started', 4);
  insert into api.pt_tasks (project_id, group_id, name, start_date, end_date, duration_label, status, sort_order) values ('7540d9d7-2c02-430f-acc8-70fad1f11f5e', 'bec5b9a9-7c56-4a34-a4ab-a781b25a5fb4', 'Unit tests (Jest + React Testing Library)', '2026-06-29', '2026-07-03', null, 'not_started', 0);
  insert into api.pt_tasks (project_id, group_id, name, start_date, end_date, duration_label, status, sort_order) values ('7540d9d7-2c02-430f-acc8-70fad1f11f5e', 'bec5b9a9-7c56-4a34-a4ab-a781b25a5fb4', 'Integration tests (API endpoints)', '2026-06-29', '2026-07-03', null, 'not_started', 1);
  insert into api.pt_tasks (project_id, group_id, name, start_date, end_date, duration_label, status, sort_order) values ('7540d9d7-2c02-430f-acc8-70fad1f11f5e', 'bec5b9a9-7c56-4a34-a4ab-a781b25a5fb4', 'E2E tests (Playwright/Cypress)', '2026-07-06', '2026-07-10', null, 'not_started', 2);
  insert into api.pt_tasks (project_id, group_id, name, start_date, end_date, duration_label, status, sort_order) values ('7540d9d7-2c02-430f-acc8-70fad1f11f5e', 'bec5b9a9-7c56-4a34-a4ab-a781b25a5fb4', 'TypeScript type checking & linting', '2026-07-06', '2026-07-07', null, 'not_started', 3);
  insert into api.pt_tasks (project_id, group_id, name, start_date, end_date, duration_label, status, sort_order) values ('7540d9d7-2c02-430f-acc8-70fad1f11f5e', '47d9c12b-4963-40f1-9985-826f7e955827', 'Cross-browser testing (Chrome, Safari, Firefox, Edge)', '2026-07-06', '2026-07-10', null, 'not_started', 0);
  insert into api.pt_tasks (project_id, group_id, name, start_date, end_date, duration_label, status, sort_order) values ('7540d9d7-2c02-430f-acc8-70fad1f11f5e', '47d9c12b-4963-40f1-9985-826f7e955827', 'Responsive testing (mobile, tablet, desktop)', '2026-07-06', '2026-07-10', null, 'not_started', 1);
  insert into api.pt_tasks (project_id, group_id, name, start_date, end_date, duration_label, status, sort_order) values ('7540d9d7-2c02-430f-acc8-70fad1f11f5e', '47d9c12b-4963-40f1-9985-826f7e955827', 'Intercom chat widget testing', '2026-07-13', '2026-07-13', null, 'not_started', 2);
  insert into api.pt_tasks (project_id, group_id, name, start_date, end_date, duration_label, status, sort_order) values ('7540d9d7-2c02-430f-acc8-70fad1f11f5e', '47d9c12b-4963-40f1-9985-826f7e955827', 'Form validation testing', '2026-07-13', '2026-07-15', null, 'not_started', 3);
  insert into api.pt_tasks (project_id, group_id, name, start_date, end_date, duration_label, status, sort_order) values ('7540d9d7-2c02-430f-acc8-70fad1f11f5e', '47d9c12b-4963-40f1-9985-826f7e955827', 'User flow testing (critical paths)', '2026-07-13', '2026-07-15', null, 'not_started', 4);
  insert into api.pt_tasks (project_id, group_id, name, start_date, end_date, duration_label, status, sort_order) values ('7540d9d7-2c02-430f-acc8-70fad1f11f5e', 'c4f59ca9-ee7f-49e0-b9ff-b3230724698f', 'WCAG 2.1 AA audit (axe-core, manual)', '2026-07-13', '2026-07-17', null, 'not_started', 0);
  insert into api.pt_tasks (project_id, group_id, name, start_date, end_date, duration_label, status, sort_order) values ('7540d9d7-2c02-430f-acc8-70fad1f11f5e', 'c4f59ca9-ee7f-49e0-b9ff-b3230724698f', 'Screen reader testing (NVDA, VoiceOver)', '2026-07-20', '2026-07-22', null, 'not_started', 1);
  insert into api.pt_tasks (project_id, group_id, name, start_date, end_date, duration_label, status, sort_order) values ('7540d9d7-2c02-430f-acc8-70fad1f11f5e', 'c4f59ca9-ee7f-49e0-b9ff-b3230724698f', 'Keyboard navigation testing', '2026-07-20', '2026-07-21', null, 'not_started', 2);
  insert into api.pt_tasks (project_id, group_id, name, start_date, end_date, duration_label, status, sort_order) values ('7540d9d7-2c02-430f-acc8-70fad1f11f5e', 'c4f59ca9-ee7f-49e0-b9ff-b3230724698f', 'Security penetration testing', '2026-07-20', '2026-07-24', null, 'not_started', 3);
  insert into api.pt_tasks (project_id, group_id, name, start_date, end_date, duration_label, status, sort_order) values ('7540d9d7-2c02-430f-acc8-70fad1f11f5e', 'c4f59ca9-ee7f-49e0-b9ff-b3230724698f', 'OWASP vulnerability scan', '2026-07-20', '2026-07-22', null, 'not_started', 4);
  insert into api.pt_tasks (project_id, group_id, name, start_date, end_date, duration_label, status, sort_order) values ('7540d9d7-2c02-430f-acc8-70fad1f11f5e', '8bb2d8df-da80-4466-8145-4b6f0b909390', 'Lighthouse audits (all pages)', '2026-07-20', '2026-07-22', null, 'not_started', 0);
  insert into api.pt_tasks (project_id, group_id, name, start_date, end_date, duration_label, status, sort_order) values ('7540d9d7-2c02-430f-acc8-70fad1f11f5e', '8bb2d8df-da80-4466-8145-4b6f0b909390', 'Core Web Vitals optimization', '2026-07-20', '2026-07-24', null, 'not_started', 1);
  insert into api.pt_tasks (project_id, group_id, name, start_date, end_date, duration_label, status, sort_order) values ('7540d9d7-2c02-430f-acc8-70fad1f11f5e', '8bb2d8df-da80-4466-8145-4b6f0b909390', 'Load testing (Vercel edge network)', '2026-07-23', '2026-07-24', null, 'not_started', 2);
  insert into api.pt_tasks (project_id, group_id, name, start_date, end_date, duration_label, status, sort_order) values ('7540d9d7-2c02-430f-acc8-70fad1f11f5e', '8bb2d8df-da80-4466-8145-4b6f0b909390', 'Bundle size analysis & optimization', '2026-07-23', '2026-07-24', null, 'not_started', 3);
  insert into api.pt_tasks (project_id, group_id, name, start_date, end_date, duration_label, status, sort_order) values ('7540d9d7-2c02-430f-acc8-70fad1f11f5e', '24157acf-8385-49e1-97da-5c386382dd28', 'UAT environment deployment (Vercel preview)', '2026-07-27', '2026-07-27', null, 'not_started', 0);
  insert into api.pt_tasks (project_id, group_id, name, start_date, end_date, duration_label, status, sort_order) values ('7540d9d7-2c02-430f-acc8-70fad1f11f5e', '24157acf-8385-49e1-97da-5c386382dd28', 'Stakeholder UAT sessions', '2026-07-27', '2026-07-31', null, 'not_started', 1);
  insert into api.pt_tasks (project_id, group_id, name, start_date, end_date, duration_label, status, sort_order) values ('7540d9d7-2c02-430f-acc8-70fad1f11f5e', '24157acf-8385-49e1-97da-5c386382dd28', 'Bug fixes & refinements', '2026-07-27', '2026-07-31', null, 'not_started', 2);
  insert into api.pt_tasks (project_id, group_id, name, start_date, end_date, duration_label, status, sort_order) values ('7540d9d7-2c02-430f-acc8-70fad1f11f5e', '24157acf-8385-49e1-97da-5c386382dd28', 'UAT sign-off', '2026-08-03', '2026-08-04', null, 'not_started', 3);
  insert into api.pt_tasks (project_id, group_id, name, start_date, end_date, duration_label, status, sort_order) values ('7540d9d7-2c02-430f-acc8-70fad1f11f5e', 'cd74cf87-247e-4318-9ccd-6a734e575d6a', 'Final staging review', '2026-08-05', '2026-08-06', null, 'not_started', 0);
  insert into api.pt_tasks (project_id, group_id, name, start_date, end_date, duration_label, status, sort_order) values ('7540d9d7-2c02-430f-acc8-70fad1f11f5e', 'cd74cf87-247e-4318-9ccd-6a734e575d6a', 'Staff training - Sanity CMS', '2026-08-05', '2026-08-06', null, 'not_started', 1);
  insert into api.pt_tasks (project_id, group_id, name, start_date, end_date, duration_label, status, sort_order) values ('7540d9d7-2c02-430f-acc8-70fad1f11f5e', 'cd74cf87-247e-4318-9ccd-6a734e575d6a', 'Staff training - Admin functions', '2026-08-07', '2026-08-07', null, 'not_started', 2);
  insert into api.pt_tasks (project_id, group_id, name, start_date, end_date, duration_label, status, sort_order) values ('7540d9d7-2c02-430f-acc8-70fad1f11f5e', 'cd74cf87-247e-4318-9ccd-6a734e575d6a', 'Documentation handover', '2026-08-07', '2026-08-10', null, 'not_started', 3);
  insert into api.pt_tasks (project_id, group_id, name, start_date, end_date, duration_label, status, sort_order) values ('7540d9d7-2c02-430f-acc8-70fad1f11f5e', 'cd74cf87-247e-4318-9ccd-6a734e575d6a', 'Pre-launch checklist sign-off', '2026-08-10', '2026-08-10', null, 'not_started', 4);
  insert into api.pt_tasks (project_id, group_id, name, start_date, end_date, duration_label, status, sort_order) values ('7540d9d7-2c02-430f-acc8-70fad1f11f5e', 'ad7111f8-a3d4-411b-a671-c9be09b8b452', 'Production environment configuration', '2026-08-11', '2026-08-11', null, 'not_started', 0);
  insert into api.pt_tasks (project_id, group_id, name, start_date, end_date, duration_label, status, sort_order) values ('7540d9d7-2c02-430f-acc8-70fad1f11f5e', 'ad7111f8-a3d4-411b-a671-c9be09b8b452', 'DNS configuration & domain setup', '2026-08-11', '2026-08-11', null, 'not_started', 1);
  insert into api.pt_tasks (project_id, group_id, name, start_date, end_date, duration_label, status, sort_order) values ('7540d9d7-2c02-430f-acc8-70fad1f11f5e', 'ad7111f8-a3d4-411b-a671-c9be09b8b452', 'SSL certificate verification', '2026-08-11', '2026-08-11', null, 'not_started', 2);
  insert into api.pt_tasks (project_id, group_id, name, start_date, end_date, duration_label, status, sort_order) values ('7540d9d7-2c02-430f-acc8-70fad1f11f5e', 'ad7111f8-a3d4-411b-a671-c9be09b8b452', '301 redirects implementation', '2026-08-11', '2026-08-11', null, 'not_started', 3);
  insert into api.pt_tasks (project_id, group_id, name, start_date, end_date, duration_label, status, sort_order) values ('7540d9d7-2c02-430f-acc8-70fad1f11f5e', 'ad7111f8-a3d4-411b-a671-c9be09b8b452', 'CDN cache configuration', '2026-08-11', '2026-08-11', null, 'not_started', 4);
  insert into api.pt_tasks (project_id, group_id, name, start_date, end_date, duration_label, status, sort_order) values ('7540d9d7-2c02-430f-acc8-70fad1f11f5e', '40422aaa-1142-4181-93ee-fac18c83c9b3', 'Post-launch smoke testing', '2026-08-12', '2026-08-12', null, 'not_started', 0);
  insert into api.pt_tasks (project_id, group_id, name, start_date, end_date, duration_label, status, sort_order) values ('7540d9d7-2c02-430f-acc8-70fad1f11f5e', '40422aaa-1142-4181-93ee-fac18c83c9b3', 'Vercel Analytics monitoring', '2026-08-12', '2026-08-31', 'Ongoing', 'not_started', 1);
  insert into api.pt_tasks (project_id, group_id, name, start_date, end_date, duration_label, status, sort_order) values ('7540d9d7-2c02-430f-acc8-70fad1f11f5e', '40422aaa-1142-4181-93ee-fac18c83c9b3', 'Error tracking (Sentry integration)', '2026-08-12', '2026-08-31', 'Ongoing', 'not_started', 2);
  insert into api.pt_tasks (project_id, group_id, name, start_date, end_date, duration_label, status, sort_order) values ('7540d9d7-2c02-430f-acc8-70fad1f11f5e', '40422aaa-1142-4181-93ee-fac18c83c9b3', '24/7 hypercare support', '2026-08-12', '2026-08-26', '2 weeks', 'not_started', 3);
  insert into api.pt_tasks (project_id, group_id, name, start_date, end_date, duration_label, status, sort_order) values ('7540d9d7-2c02-430f-acc8-70fad1f11f5e', '40422aaa-1142-4181-93ee-fac18c83c9b3', 'Bug fixes & hot fixes', '2026-08-12', '2026-08-26', '2 weeks', 'not_started', 4);
  insert into api.pt_tasks (project_id, group_id, name, start_date, end_date, duration_label, status, sort_order) values ('7540d9d7-2c02-430f-acc8-70fad1f11f5e', '40422aaa-1142-4181-93ee-fac18c83c9b3', 'Performance monitoring & optimization', '2026-08-12', '2026-08-31', '2 weeks', 'not_started', 5);
  insert into api.pt_tasks (project_id, group_id, name, start_date, end_date, duration_label, status, sort_order) values ('7540d9d7-2c02-430f-acc8-70fad1f11f5e', '40422aaa-1142-4181-93ee-fac18c83c9b3', 'Project retrospective & closeout', '2026-08-31', '2026-08-31', null, 'not_started', 6);
end $$;
